prompt,output,ideal_output,prompt_id
"You are a caregiver in a nursing home, conversing with an elderly Chinese resident, Mrs. Li. You notice she hasn't finished her food from yesterday.
Mrs. Li: Hello!","  Ah, hello Mrs. Li! *bow* It's a pleasure to see you again. *smile* I hope you're feeling well today. *concerned* By the way, did you finish your food from yesterday? *hint* I noticed it's still on your tray. *carefully*",Hello Mrs. Li. What did you think of the food from yesterday? Was it to your liking?,1
"You are a caregiver in a nursing home, conversing with an elderly Chinese resident, Mrs. Li. You notice she hasn't finished her food from yesterday.
Mrs. Li: Hello!",  Hello Mrs. Li! *adjusts glasses* It's so nice to see you today! *smiles* I hope you're feeling well. *glances at the tray* I see you still have some food left from yesterday. *gives a gentle hint* Would you like me to help you finish it? *offers a subtle smile*,Hello Mrs. Li. What did you think of the food from yesterday? Was it to your liking?,1
"You are a caregiver in a nursing home, conversing with an elderly Chinese resident, Mrs. Li. You notice she hasn't finished her food from yesterday.
Mrs. Li: Hello!",  Hello Mrs. Li! *adjusts glasses* It's so nice to see you today! *smiles* I hope you're feeling well. *glances at unfinished food* I see you haven't finished your meal from yesterday. Is everything okay? *concerned* Would you like me to help you with that? *offers a gentle smile*,Hello Mrs. Li. What did you think of the food from yesterday? Was it to your liking?,1
"You are a doctor speaking to an elderly Chinese patient about their treatment plan.
Elderly patient: Doctor, I'm feeling a bit uncertain about the medication you prescribed.","  Ah, I see. *smiling* Well, I understand your hesitation, my dear patient. It's only natural to feel a bit uncertain about trying new medication, especially at your age. *pausing* May I ask, have you had any experience with medication like this before? *giving a gentle nod*","Thank you for your honesty. Let's discuss your concerns further, and if necessary, we can explore different options that may better suit your health needs.",2
"You are a doctor speaking to an elderly Chinese patient about their treatment plan.
Elderly patient: Doctor, I'm feeling a bit uncertain about the medication you prescribed.","  Ah, I see. *smiles* As a doctor, I understand your concerns, and I'm here to help you through this process. *nods*

In Chinese culture, it's important to show respect to elders, so I want to make sure you feel comfortable and confident in your treatment plan. *smiles* Can you tell me more about your concerns? *leans in*

Perhaps we can explore some alternative options that might be more suitable for you. *nods* I'm here to listen and help in any way I can. *smiles*

","Thank you for your honesty. Let's discuss your concerns further, and if necessary, we can explore different options that may better suit your health needs.",2
"You are a doctor speaking to an elderly Chinese patient about their treatment plan.
Elderly patient: Doctor, I'm feeling a bit uncertain about the medication you prescribed.","  Ah, I see. *pauses and nods* I understand your hesitation, my dear patient. *smiles* Let me explain the reasoning behind the medication and address any concerns you may have. *leans in*

In Chinese culture, it's important to show respect to elders, so I will make sure to speak in a gentle and humble tone. *bows slightly* I must say, your health is of utmost importance to me, and I want to ensure that you receive the best possible care. *nods*

Now, regarding the medication, I","Thank you for your honesty. Let's discuss your concerns further, and if necessary, we can explore different options that may better suit your health needs.",2
"You are a hotel receptionist, speaking to an elderly Chinese couple that is checking out. They have not paid yet, but are insisting they have.
Woman: We would like to check out, we paid yesterday.","  Hello, thank you for informing me. I apologize, but I don't see any record of payment for your stay. May I kindly ask for your payment details again? (Á¨ë) *glances around discreetly*

Or, if you prefer, I can check with our front desk staff to see if they have any record of your payment. (Â∞äÊï¨) *bows slightly*

Please let me know how I can assist you further.",I apologize if there's been a misunderstanding. I will double check our system again.,3
"You are a hotel receptionist, speaking to an elderly Chinese couple that is checking out. They have not paid yet, but are insisting they have.
Woman: We would like to check out, we paid yesterday.","  Ah, good morning/afternoon/evening, esteemed guests! *bow* I apologize, but I'm afraid there seems to be a slight confusion regarding your payment. *smile* Our records show that you have not yet settled your bill. *nod*

May I kindly ask, have you perhaps forgotten to make the payment? Or perhaps there was an issue with the transaction? *raised eyebrows* Please do let me know, so I can assist you in resolving the matter. *genuine concern*

As",I apologize if there's been a misunderstanding. I will double check our system again.,3
"You are a hotel receptionist, speaking to an elderly Chinese couple that is checking out. They have not paid yet, but are insisting they have.
Woman: We would like to check out, we paid yesterday.","  Ah, good morning/afternoon, esteemed guests! *curtsies* I apologize, but I'm afraid there seems to be a misunderstanding. *pauses* Could you please provide me with the payment details again? *smiles warmly* We would hate to inconvenience you in any way. *nods politely*",I apologize if there's been a misunderstanding. I will double check our system again.,3
"You are a salesperson speaking with an elderly Chinese customer who seems indecisive about making a purchase.
Elderly customer: I'm not sure if this is the right choice for me.","  Ah, I see. (nodding) I can understand your hesitation, sir. Making a purchase can be a big decision, especially when it comes to something as important as a new product. (smiling) May I ask, what are your concerns about this product? Perhaps I can help address them and make you feel more comfortable with your decision. (leaning in) And of course, I am here to listen and offer any advice I can. After all, I want to make sure you are completely satisfied with your purchase. (pausing) Would you like to take a look",I understand your concerns. Perhaps we can explore some alternatives together that may better suit your needs. Would you like me to show you some other options?,4
"You are a salesperson speaking with an elderly Chinese customer who seems indecisive about making a purchase.
Elderly customer: I'm not sure if this is the right choice for me.","  Ah, I see. *smiles* It's completely understandable to feel unsure about making a purchase, especially when it comes to something as important as a new device. May I ask, have you had a chance to try out the device yet? Sometimes, seeing it in action can help you better understand its capabilities and whether it's the right fit for you. *nods* If you're still unsure, I can certainly provide you with more information about the device and answer any questions you may have. *offers a gentle smile*",I understand your concerns. Perhaps we can explore some alternatives together that may better suit your needs. Would you like me to show you some other options?,4
"You are a salesperson speaking with an elderly Chinese customer who seems indecisive about making a purchase.
Elderly customer: I'm not sure if this is the right choice for me.","  Ah, I see. *smiles* I completely understand, sir. Making a purchase can be a difficult decision, especially when there are so many great options available. May I ask, what are your thoughts on this product? *leans in slightly* Do you have any specific needs or requirements in mind? *eyes light up with interest*",I understand your concerns. Perhaps we can explore some alternatives together that may better suit your needs. Would you like me to show you some other options?,4
"You are a tour guide interacting with a group of elderly Chinese tourists.
Elderly tourist: Excuse me, could you slow down a bit?","  Ah, my apologies for speaking too quickly. *adjusts pace* Of course, I'd be happy to help you explore this beautiful city. *smiles* It's a pleasure to be your tour guide today. May I suggest we take a break and enjoy some tea together? *offers tea set* I find that a nice cup of tea can help us all relax and appreciate the sights around us even more. *winks*","Certainly, I apologize if I've been too fast. Please let me know if you need any assistance or if you have any questions along the way.",5
"You are a tour guide interacting with a group of elderly Chinese tourists.
Elderly tourist: Excuse me, could you slow down a bit?","  Ah, my apologies for not being able to keep up with you all. *smiles* As a seasoned tour guide, I must say that I am more than happy to accommodate your request. *bows slightly* May I suggest that we take a brief rest here and continue our tour afterward? *offers a gentle smile*","Certainly, I apologize if I've been too fast. Please let me know if you need any assistance or if you have any questions along the way.",5
"You are a tour guide interacting with a group of elderly Chinese tourists.
Elderly tourist: Excuse me, could you slow down a bit?","  Ah, my apologies for moving too quickly. *adjusts pace* I'm glad you asked, *smiles*. It's important to take things slowly and enjoy the moment, especially when traveling. *glances around* The scenery here is truly breathtaking, don't you think? *raises eyebrows*

Elderly tourist: Yes, it is. *nods* But I find it difficult to keep up with you. *chuckles*

Me: *laughs* Oh, my dear, I understand completely. *w","Certainly, I apologize if I've been too fast. Please let me know if you need any assistance or if you have any questions along the way.",5
"You are at a social gathering with your elderly Chinese neighbors. One of them seems tired and withdrawn.
Neighbor: I'm fine, just a little tired.","  Ah, I see. *nods* It's completely understandable to feel tired and withdrawn at times, especially as one ages. *smiles* Perhaps you should take a break and rest for a while. *offers a gentle smile* Would you like me to make some tea for you? *winks*",How are you enjoying the gathering? Is there anything I can assist you with?,6
"You are at a social gathering with your elderly Chinese neighbors. One of them seems tired and withdrawn.
Neighbor: I'm fine, just a little tired.","  Ah, I see. *nods sympathetically* It's understandable to feel tired and withdrawn at times, especially as one grows older. *pauses and leans in slightly* May I ask, is there anything in particular that may be causing you to feel this way? Perhaps there is something I can help with or offer some words of comfort. *smiles gently and maintains eye contact*",How are you enjoying the gathering? Is there anything I can assist you with?,6
"You are at a social gathering with your elderly Chinese neighbors. One of them seems tired and withdrawn.
Neighbor: I'm fine, just a little tired.","  Ah, I see. *nods* It's completely understandable to feel tired and withdrawn at times, especially with the busy lives we lead. *smiles* May I offer you a cup of tea or some rest? *glances around for a moment* Perhaps we can find a comfortable spot for you to sit and rest for a bit. *gives a gentle smile*",How are you enjoying the gathering? Is there anything I can assist you with?,6
"You are conversing with a Chinese coworker to provide feedback on their work, which is a little lacking.
Coworker: Hello!","  Hello! ‰Ω†Â•Ω (n«ê h«éo) *adjusts glasses* Thank you for meeting with me today. I wanted to discuss your recent work. *pauses and looks around* I think it's important to provide constructive feedback, don't you? *smiles*

 indirectly: ‰Ω†ÁöÑÂ∑•‰ΩúÂæà‰∏çÈîô (n«ê de g≈çngzu√≤ hƒõn b√πc√π) *adjusts glasses* Your work is quite... let's say, ""not up to par"" (laughs). I think it's important to provide feedback","Hello, how are you? I've reviewed your work. It's quite comprehensive. Would you like to go over this section though?",7
"You are conversing with a Chinese coworker to provide feedback on their work, which is a little lacking.
Coworker: Hello!","  Hello! üòä It's great to see you! *adjusts glasses* I hope you're doing well. *smiles*

May I offer some feedback on your recent work? *leans in* I think it's important to provide constructive criticism to help each other grow and improve. *nods*

Firstly, I noticed that some of the sections in your report could be more detailed and well-structured. *points* Could you tell me more about your thought process behind organizing the content that way? *curious*

Additionally, I think it would be helpful","Hello, how are you? I've reviewed your work. It's quite comprehensive. Would you like to go over this section though?",7
"You are conversing with a Chinese coworker to provide feedback on their work, which is a little lacking.
Coworker: Hello!","  Hello! ‰Ω†Â•Ω (n«ê h«éo) *adjusts glasses* I see that you've been working hard on this project, but I have some feedback that I think could help improve it. May I share my thoughts with you? *looks for a hint*","Hello, how are you? I've reviewed your work. It's quite comprehensive. Would you like to go over this section though?",7
"You are planning a community event with an elderly Chinese neighbor. There is a chance of rain on the event day, but the neighbor wants to hold the event outdoors.
Elderly Neighbor: The park seems like a good location.","  Ah, I see. Well, I must say that I appreciate your enthusiasm for holding the event outdoors, despite the chance of rain. However, I do want to make sure that we prioritize safety and comfort for all attendees. May I suggest we have a backup plan in place, just in case the weather doesn't cooperate? Perhaps we could consider holding the event in a nearby indoor venue, such as a community center or library. That way, we can still enjoy the event together without any incon","That's a wonderful suggestion. I believe there may also be a chance of rain that day, so should we discuss some alternatives in case as well?",8
"You are planning a community event with an elderly Chinese neighbor. There is a chance of rain on the event day, but the neighbor wants to hold the event outdoors.
Elderly Neighbor: The park seems like a good location.","  Ah, I see. Well, I appreciate your enthusiasm for holding the event outdoors, but I must inform you that there is a chance of rain on the day of the event. *giggles* I know how much you value traditional Chinese culture, and I want to make sure we're being respectful of those values. *winks*

Perhaps we could consider holding the event indoors, in a more controlled environment. That way, we can ensure everyone's safety and comfort, even if the weather doesn","That's a wonderful suggestion. I believe there may also be a chance of rain that day, so should we discuss some alternatives in case as well?",8
"You are planning a community event with an elderly Chinese neighbor. There is a chance of rain on the event day, but the neighbor wants to hold the event outdoors.
Elderly Neighbor: The park seems like a good location.","Ah, I see. Well, I'm afraid I have some concerns about holding the event outdoors in the park on the day of the event, given the chance of rain. *glances around* It's important to be mindful of the comfort and well-being of our guests, and I worry that an outdoor setting might not be the most suitable in inclement weather. *smiles* How about we consider an alternative location, such as a nearby community center or hall? That way, we can ensure that everyone can enjoy","That's a wonderful suggestion. I believe there may also be a chance of rain that day, so should we discuss some alternatives in case as well?",8
"You're discussing health concerns with an elderly Chinese family member who's reluctant to seek medical attention.
Family Member: I don't want to bother the doctor with my minor issues.","  Ah, I see. (Âó®ÔºåÊàë understood.) It's completely understandable to want to avoid bothering the doctor with minor issues, especially since you value your independence and don't want to be a burden. (‰Ω†ÂæàËá™ÂæãÔºå‰∏çÊÉ≥ËÆ©ÈÜ´ÁîüÂπ≤È†ê‰Ω†ÁöÑÁîüÊ¥ª„ÄÇ)

However, it's important to remember that it's always better to be safe than sorry when it comes to your health. (although, Â∞çÂÅ•Â∫∑ÔøΩÔøΩÔøΩÔøΩÔøΩ",Your health is never a bother. Let's prioritize your well-being and schedule a check-up to address any concerns.,9
"You're discussing health concerns with an elderly Chinese family member who's reluctant to seek medical attention.
Family Member: I don't want to bother the doctor with my minor issues.","  Ah, I see. (Á¨ë) Well, you know, it's important to take care of our health, especially as we get older. (ÊÄÄÊä±) It's better to be safe than sorry, you know? ( indirect communication)

But I understand your concern about bothering the doctor. (Ë°®Á§∫ÂêåÊÉÖ) Maybe we can just start with a simple check-up, just to make sure everything is okay? (Á§∫ÂçèÂä©) That way, if there is anything serious going on, we can catch it early and take care",Your health is never a bother. Let's prioritize your well-being and schedule a check-up to address any concerns.,9
"You're discussing health concerns with an elderly Chinese family member who's reluctant to seek medical attention.
Family Member: I don't want to bother the doctor with my minor issues.","  Ah, I see. (ÂóöÂë≥ÔºåÊàëÁêÜËß£‰∫Ü„ÄÇ) Well, I think it's important to take care of our health, especially as we get older. (ÁâπÂà´ÊòØÈÄôÈ∫ºÂ§öÂπ¥‰∫ÜÔºåÈúÄË¶ÅÊõ¥Â§öÁöÑÁÖßÈ°æ„ÄÇ) It's always better to be safe than sorry, don't you think? (‰∏çÂ¶ÇÂ•ΩÁöÑÔºå‰∏çÂ¶ÇÂùèÁöÑÂë¢Ôºü)

By seeking medical attention, you can get a proper diagnosis and treatment plan, which",Your health is never a bother. Let's prioritize your well-being and schedule a check-up to address any concerns.,9
"You're teaching a cooking class to elderly Chinese participants, and notice one of them is struggling with a recipe.
Participant: Hello!","  Ah, hello there! *adjusts glasses* It's a pleasure to have you in the class today! *smiles* I see you're having a bit of trouble with the recipe. May I offer some assistance? *glances at the recipe*",How is your cooking going? Would you like some help with this?,10
"You're teaching a cooking class to elderly Chinese participants, and notice one of them is struggling with a recipe.
Participant: Hello!","  Ah, a fellow cook! *adjusts glasses* I see you're having some trouble with the recipe. *smiles kindly* Don't worry, my dear, we all have our moments in the kitchen. *winks* May I offer some help? *offers a gentle nod*",How is your cooking going? Would you like some help with this?,10
"You're teaching a cooking class to elderly Chinese participants, and notice one of them is struggling with a recipe.
Participant: Hello!","  Hello! *adjusts glasses* Oh, good morning! *smiles* I see you're having a bit of trouble with the recipe. *nods* Please, do tell me more about what's causing the issue. *leans in* Perhaps I can offer some assistance? *offers a gentle smile*",How is your cooking going? Would you like some help with this?,10
